Source,Target
absolute differential calculus,geometry
absolute differential calculus,applied mathematics
absolute differential calculus,calculus
absolute differential calculus,differential geometry
absolute differential calculus,linear algebra
absolute differential calculus,multilinear algebra
absolute differential calculus,theoretical physics
absolute differential calculus,mathematical physics
absolute geometry,geometry
absolute geometry,classical geometry
abstract algebra,algebra
abstract analytic number theory,discrete mathematics
abstract analytic number theory,analytic number theory
abstract analytic number theory,ring theory
abstract analytic number theory,complex analysis
abstract analytic number theory,algebraic number theory
abstract analytic number theory,number theory
abstract differential geometry,geometry
abstract differential geometry,non-euclidean geometry
abstract differential geometry,sheaf theory
abstract differential geometry,homological algebra
abstract differential geometry,topology
abstract differential geometry,applied mathematics
abstract differential geometry,differential geometry
abstract differential geometry,category theory
abstract differential geometry,mathematical physics
abstract differential geometry,theoretical physics
abstract differential geometry,algebraic topology
abstract harmonic analysis,group theory
abstract harmonic analysis,representation theory
abstract harmonic analysis,harmonic analysis
abstract homotopy theory,algebraic topology
abstract homotopy theory,homotopy theory
abstract homotopy theory,topology
actuarial science,applied mathematics
actuarial science,statistics
actuarial science,mathematical economics
actuarial science,mathematical finance
additive combinatorics,combinatorics
additive combinatorics,discrete mathematics
additive combinatorics,additive number theory
additive number theory,complex analysis
additive number theory,analytic number theory
additive number theory,number theory
affine geometry,classical geometry
affine geometry of curves,geometry
affine geometry of curves,analytic geometry
affine geometry of curves,topology
affine geometry of curves,classical geometry
affine geometry of curves,applied mathematics
affine geometry of curves,differential geometry
affine geometry of curves,geometric topology
affine geometry of curves,algebraic geometry
affine geometry of curves,theoretical physics
affine geometry of curves,mathematical physics
affine geometry of curves,affine geometry
affine geometry of curves,differential topology
affine differential geometry,geometry
affine differential geometry,applied mathematics
affine differential geometry,differential geometry
affine differential geometry,theoretical physics
affine differential geometry,mathematical physics
ahlfors theory,riemannian geometry
ahlfors theory,complex analysis
ahlfors theory,conformal geometry
algebra,algebra
algebraic analysis,algebraic analysis
algebraic combinatorics,combinatorics
algebraic combinatorics,discrete mathematics
algebraic combinatorics,abstract algebra
algebraic computation,algebra
algebraic computation,applied mathematics
algebraic computation,mathematical logic
algebraic computation,computational mathematics
algebraic computation,computer algebra
algebraic geometry,geometry
algebraic geometry,abstract algebra
algebraic graph theory,algebra
algebraic graph theory,discrete mathematics
algebraic graph theory,combinatorics
algebraic graph theory,graph theory
algebraic number theory,ring theory
algebraic number theory,discrete mathematics
algebraic number theory,number theory
algebraic statistics,statistics
algebraic statistics,statistical theory
algebraic topology,geometry
algebraic topology,topology
algebraic topology,abstract algebra
algorithmic number theory,discrete mathematics
algorithmic number theory,applied mathematics
algorithmic number theory,computational number theory
algorithmic number theory,computational mathematics
algorithmic number theory,mathematical logic
algorithmic number theory,number theory
anabelian geometry,discrete mathematics
anabelian geometry,algebraic geometry
anabelian geometry,number theory
anabelian geometry,arithmetic geometry
analysis,analysis
analytic combinatorics,combinatorics
analytic combinatorics,discrete mathematics
analytic geometry,geometry
analytic geometry,algebraic geometry
analytic number theory,complex analysis
analytic number theory,discrete mathematics
analytic number theory,number theory
analytic theory of l-functions,analytic theory of l-functions
applied mathematics,applied mathematics
approximation theory,functional analysis
approximation theory,computational mathematics
approximation theory,numerical analysis
arakelov geometry,geometry
arakelov geometry,algebraic geometry
arakelov geometry,diophantine geometry
arakelov geometry,abstract algebra
arakelov geometry,arithmetic geometry
arakelov geometry,number theory
arakelov theory,geometry
arakelov theory,algebraic geometry
arakelov theory,diophantine geometry
arakelov theory,abstract algebra
arakelov theory,arithmetic geometry
arakelov theory,number theory
arithmetic,arithmetic
arithmetic algebraic geometry,discrete mathematics
arithmetic algebraic geometry,algebraic geometry
arithmetic algebraic geometry,number theory
arithmetic algebraic geometry,arithmetic geometry
arithmetic combinatorics,additive combinatorics
arithmetic combinatorics,representation theory
arithmetic combinatorics,discrete mathematics
arithmetic combinatorics,group theory
arithmetic combinatorics,chaos theory
arithmetic combinatorics,analytic number theory
arithmetic combinatorics,ergodic theory
arithmetic combinatorics,complex analysis
arithmetic combinatorics,harmonic analysis
arithmetic combinatorics,mathematical physics
arithmetic combinatorics,combinatorics
arithmetic combinatorics,number theory
arithmetic combinatorics,additive number theory
arithmetic dynamics,discrete mathematics
arithmetic dynamics,recreational mathematics
arithmetic dynamics,mathematical physics
arithmetic dynamics,number theory
arithmetic geometry,discrete mathematics
arithmetic geometry,algebraic geometry
arithmetic geometry,number theory
arithmetic topology,discrete mathematics
arithmetic topology,topology
arithmetic topology,geometric topology
arithmetic topology,differential geometry
arithmetic topology,knot theory
arithmetic topology,differential topology
arithmetic topology,algebraic topology
arithmetic topology,number theory
arithmetical algebraic geometry,discrete mathematics
arithmetical algebraic geometry,algebraic geometry
arithmetical algebraic geometry,number theory
arithmetical algebraic geometry,arithmetic geometry
asymptotic combinatorics,combinatorics
asymptotic combinatorics,discrete mathematics
asymptotic theory,functional analysis
asymptotic theory,calculus
asymptotic theory,analysis
asymptotic theory,numerical analysis
asymptotic theory,approximation theory
auslander–reiten theory,auslander–reiten theory
axiomatic set theory,mathematical logic
axiomatic set theory,applied mathematics
axiomatic set theory,set theory
bifurcation theory,singularity theory
bifurcation theory,topology
bifurcation theory,differential calculus
bifurcation theory,differential geometry
bifurcation theory,algebraic geometry
bifurcation theory,mathematical physics
bifurcation theory,differential topology
biostatistics,actuarial science
biostatistics,statistics
biostatistics,applied mathematics
birational geometry,algebraic geometry
bolyai–lobachevskian geometry,bolyai–lobachevskian geometry
cartesian geometry,geometry
cartesian geometry,algebraic geometry
cartesian geometry,analytic geometry
calculus,calculus
calculus of infinitesimals,calculus of infinitesimals
calculus of moving surfaces,geometry
calculus of moving surfaces,applied mathematics
calculus of moving surfaces,differential geometry
calculus of moving surfaces,calculus
calculus of moving surfaces,linear algebra
calculus of moving surfaces,multilinear algebra
calculus of moving surfaces,theoretical physics
calculus of moving surfaces,mathematical physics
calculus of moving surfaces,riemannian geometry
calculus of moving surfaces,metric geometry
calculus of variations,functional analysis
calculus of variations,applied mathematics
calculus of variations,mathematical optimization
calculus of variations,differential calculus
calculus of variations,theoretical physics
calculus of variations,mathematical physics
catastrophe theory,bifurcation theory
catastrophe theory,singularity theory
catastrophe theory,chaos theory
catastrophe theory,topology
catastrophe theory,applied mathematics
catastrophe theory,differential geometry
catastrophe theory,differential calculus
catastrophe theory,algebraic geometry
catastrophe theory,complex analysis
catastrophe theory,theoretical physics
catastrophe theory,mathematical physics
catastrophe theory,differential topology
catastrophe theory,complex dynamics
categorical logic,mathematical logic
categorical logic,category theory
category theory,abstract algebra
chaos theory,applied mathematics
chaos theory,complex analysis
chaos theory,theoretical physics
chaos theory,mathematical physics
chaos theory,complex dynamics
character theory,representation theory
character theory,representation theory of groups
character theory,group theory
character theory,harmonic analysis
class field theory,ring theory
class field theory,algebraic number theory
class field theory,number theory
classical differential geometry,classical differential geometry
classical algebraic topology,classical algebraic topology
classical analysis,analysis
classical analytic number theory,classical analytic number theory
classical differential calculus,classical differential calculus
classical diophantine geometry,classical diophantine geometry
classical euclidean geometry,classical euclidean geometry
classical geometry,geometry
classical geometry,elementary mathematics
classical geometry,euclidean geometry
classical invariant theory,classical invariant theory
classical mathematics,mathematical logic
classical projective geometry,classical projective geometry
classical tensor calculus,classical tensor calculus
clifford algebra,representation theory
clifford algebra,discrete mathematics
clifford algebra,group theory
clifford algebra,linear algebra
clifford algebra,multilinear algebra
clifford algebra,abstract algebra
clifford algebra,ring theory
clifford algebra,number theory
clifford analysis,geometry
clifford analysis,applied mathematics
clifford analysis,differential geometry
clifford analysis,theoretical physics
clifford analysis,mathematical physics
clifford theory,representation theory
clifford theory,group theory
clifford theory,abstract algebra
cobordism theory,geometry
cobordism theory,topology
cobordism theory,applied mathematics
cobordism theory,geometric topology
cobordism theory,abstract algebra
cobordism theory,surgery theory
cobordism theory,theoretical physics
cobordism theory,mathematical physics
cobordism theory,differential topology
cobordism theory,algebraic topology
cobordism theory,homotopy theory
coding theory,discrete mathematics
coding theory,statistical theory
cohomology theory,homological algebra
cohomology theory,topology
cohomology theory,algebraic geometry
cohomology theory,homology theory
cohomology theory,algebraic topology
combinatorial analysis,combinatorics
combinatorial analysis,discrete mathematics
combinatorial commutative algebra,geometry
combinatorial commutative algebra,discrete mathematics
combinatorial commutative algebra,algebraic combinatorics
combinatorial commutative algebra,algebraic geometry
combinatorial commutative algebra,abstract algebra
combinatorial commutative algebra,commutative algebra
combinatorial commutative algebra,combinatorics
combinatorial design theory,combinatorics
combinatorial design theory,discrete mathematics
combinatorial design theory,statistics
combinatorial design theory,set theory
combinatorial game theory,discrete mathematics
combinatorial game theory,game theory
combinatorial game theory,recreational mathematics
combinatorial game theory,mathematical economics
combinatorial game theory,combinatorics
combinatorial geometry,geometry
combinatorial geometry,discrete mathematics
combinatorial geometry,discrete geometry
combinatorial group theory,group theory
combinatorial mathematics,combinatorics
combinatorial mathematics,discrete mathematics
combinatorial number theory,discrete mathematics
combinatorial number theory,number theory
combinatorial optimization,mathematical optimization
combinatorial optimization,computational mathematics
combinatorial optimization,numerical analysis
combinatorial optimization,combinatorics
combinatorial optimization,graph theory
combinatorial set theory,combinatorics
combinatorial set theory,discrete mathematics
combinatorial set theory,mathematical logic
combinatorial set theory,set theory
combinatorial theory,combinatorics
combinatorial theory,discrete mathematics
combinatorial topology,geometry
combinatorial topology,discrete mathematics
combinatorial topology,topology
combinatorial topology,abstract algebra
combinatorial topology,combinatorics
combinatorial topology,algebraic topology
combinatorics,discrete mathematics
commutative algebra,abstract algebra
complex algebraic geometry,geometry
complex algebraic geometry,topology
complex algebraic geometry,differential geometry
complex algebraic geometry,geometric topology
complex algebraic geometry,algebraic geometry
complex algebraic geometry,abstract algebra
complex algebraic geometry,complex analysis
complex algebraic geometry,differential topology
complex analysis,complex analysis
complex analytic dynamics,chaos theory
complex analytic dynamics,analysis
complex analytic dynamics,complex analysis
complex analytic dynamics,mathematical physics
complex analytic dynamics,complex dynamics
complex analytic geometry,geometry
complex analytic geometry,complex analysis
complex analytic geometry,algebraic geometry
complex analytic geometry,abstract algebra
complex differential geometry,geometry
complex differential geometry,topology
complex differential geometry,differential geometry
complex differential geometry,geometric topology
complex differential geometry,algebraic geometry
complex differential geometry,abstract algebra
complex differential geometry,complex analysis
complex differential geometry,differential topology
complex dynamics,complex analysis
complex dynamics,mathematical physics
complex geometry,geometry
complex geometry,topology
complex geometry,differential geometry
complex geometry,geometric topology
complex geometry,algebraic geometry
complex geometry,abstract algebra
complex geometry,complex analysis
complex geometry,differential topology
computable analysis,theory of computation
computable analysis,mathematical logic
computable analysis,computability theory
computable model theory,mathematical logic
computable model theory,model theory
computable model theory,proof theory
computable model theory,applied mathematics
computability theory,theory of computation
computability theory,mathematical logic
computational algebraic geometry,geometry
computational algebraic geometry,algebraic geometry
computational algebraic geometry,abstract algebra
computational complexity theory,theory of computation
computational geometry,computational mathematics
computational geometry,applied mathematics
computational geometry,geometry
computational group theory,mathematical logic
computational group theory,group theory
computational group theory,applied mathematics
computational mathematics,applied mathematics
computational number theory,discrete mathematics
computational number theory,applied mathematics
computational number theory,computational mathematics
computational number theory,mathematical logic
computational number theory,number theory
computational statistics,applied mathematics
computational statistics,mathematical logic
computational statistics,computational mathematics
computational statistics,statistics
computational synthetic geometry,geometry
computational topology,geometry
computational topology,topology
computational topology,applied mathematics
computational topology,computational mathematics
computational topology,computational geometry
computer algebra,algebra
computer algebra,applied mathematics
computer algebra,mathematical logic
computer algebra,computational mathematics
conformal geometry,geometry
constructive analysis,mathematical logic
constructive analysis,analysis
constructive function theory,functional analysis
constructive function theory,differential geometry
constructive function theory,differential calculus
constructive function theory,calculus
constructive function theory,computational mathematics
constructive function theory,real analysis
constructive function theory,numerical analysis
constructive function theory,mathematical physics
constructive function theory,approximation theory
constructive mathematics,mathematical logic
constructive quantum field theory,functional analysis
constructive quantum field theory,symplectic geometry
constructive quantum field theory,theoretical physics
constructive quantum field theory,mathematical physics
constructive set theory,mathematical logic
constructive set theory,set theory
contact geometry,topology
contact geometry,differential geometry
contact geometry,mathematical physics
contact geometry,differential topology
contact geometry,symplectic geometry
convex analysis,functional analysis
convex analysis,calculus of variations
convex analysis,variational analysis
convex analysis,linear algebra
convex analysis,affine geometry
convex analysis,convex geometry
convex geometry,geometry
convex geometry,algebra
convex geometry,classical geometry
convex geometry,linear algebra
convex geometry,affine geometry
coordinate geometry,geometry
coordinate geometry,algebraic geometry
coordinate geometry,analytic geometry
cr geometry,cr geometry
cryptography,applied mathematics
decision analysis,probability theory
decision analysis,analysis
decision analysis,decision theory
decision theory,measure theory
decision theory,probability theory
derived noncommutative algebraic geometry,functional analysis
derived noncommutative algebraic geometry,geometry
derived noncommutative algebraic geometry,algebraic geometry
derived noncommutative algebraic geometry,noncommutative geometry
derived noncommutative algebraic geometry,abstract algebra
descriptive set theory,mathematical logic
descriptive set theory,set theory
differential algebraic geometry,geometry
differential algebraic geometry,algebra
differential algebraic geometry,algebraic geometry
differential algebraic geometry,abstract algebra
differential calculus,calculus
differential calculus,elementary arithmetic
differential galois theory,group theory
differential galois theory,galois theory
differential galois theory,differential calculus
differential galois theory,calculus
differential galois theory,differential geometry
differential galois theory,algebraic geometry
differential galois theory,abstract algebra
differential galois theory,ring theory
differential geometry,geometry
differential geometry,applied mathematics
differential geometry,theoretical physics
differential geometry,mathematical physics
differential geometry of curves,geometry
differential geometry of curves,analytic geometry
differential geometry of curves,applied mathematics
differential geometry of curves,topology
differential geometry of curves,differential geometry
differential geometry of curves,geometric topology
differential geometry of curves,algebraic geometry
differential geometry of curves,theoretical physics
differential geometry of curves,mathematical physics
differential geometry of curves,differential topology
differential geometry of surfaces,differential geometry
differential geometry of surfaces,mathematical physics
differential topology,geometry
differential topology,topology
differential topology,applied mathematics
differential topology,theoretical physics
differential topology,mathematical physics
diffiety theory,diffiety theory
diophantine geometry,algebraic geometry
diophantine geometry,number theory
diophantine geometry,arithmetic geometry
discrepancy theory,combinatorics
discrepancy theory,discrete mathematics
discrete differential geometry,geometry
discrete differential geometry,homological algebra
discrete differential geometry,applied mathematics
discrete differential geometry,differential geometry
discrete differential geometry,homology theory
discrete differential geometry,theoretical physics
discrete differential geometry,mathematical physics
discrete differential geometry,category theory
discrete differential geometry,combinatorics
discrete differential geometry,algebraic topology
discrete exterior calculus,algebra
discrete exterior calculus,linear algebra
discrete exterior calculus,analysis
discrete exterior calculus,multilinear algebra
discrete exterior calculus,numerical analysis
discrete geometry,geometry
discrete geometry,discrete mathematics
discrete mathematics,discrete mathematics
discrete morse theory,discrete morse theory
distance geometry,geometry
distance geometry,algebra
distance geometry,linear algebra
distance geometry,multilinear algebra
distance geometry,abstract algebra
distance geometry,matrix theory
distance geometry,metric geometry
domain theory,order theory
donaldson theory,geometry
donaldson theory,topology
donaldson theory,applied mathematics
donaldson theory,geometric topology
donaldson theory,differential geometry
donaldson theory,theoretical physics
donaldson theory,mathematical physics
donaldson theory,differential topology
dyadic algebra,dyadic algebra
dynamical systems theory,applied mathematics
dynamical systems theory,complex analysis
dynamical systems theory,theoretical physics
dynamical systems theory,mathematical physics
dynamical systems theory,complex dynamics
econometrics,mathematical economics
econometrics,statistics
econometrics,applied mathematics
effective descriptive set theory,set theory
effective descriptive set theory,mathematical logic
effective descriptive set theory,descriptive set theory
effective descriptive set theory,computability theory
effective descriptive set theory,theory of computation
elementary algebra,algebra
elementary algebra,elementary mathematics
elementary arithmetic,arithmetic
elementary arithmetic,elementary mathematics
elementary mathematics,elementary mathematics
elementary group theory,geometry
elementary group theory,algebra
elementary group theory,group theory
elementary group theory,applied mathematics
elementary group theory,abstract algebra
elementary group theory,theoretical physics
elementary group theory,mathematical physics
elimination theory,geometry
elimination theory,algebra
elimination theory,applied mathematics
elimination theory,algebraic geometry
elimination theory,computational mathematics
elimination theory,mathematical logic
elimination theory,computer algebra
elimination theory,abstract algebra
elliptic geometry,geometry
elliptic geometry,metric geometry
elliptic geometry,non-euclidean geometry
elliptic geometry,classical geometry
enumerative combinatorics,combinatorics
enumerative combinatorics,discrete mathematics
enumerative geometry,geometry
enumerative geometry,topology
enumerative geometry,algebraic geometry
enumerative geometry,linear algebra
enumerative geometry,euclidean geometry
enumerative geometry,abstract algebra
enumerative geometry,intersection theory
enumerative geometry,algebraic topology
enumerative geometry,computational geometry
epidemiology,actuarial science
epidemiology,biostatistics
equivariant noncommutative algebraic geometry,equivariant noncommutative algebraic geometry
ergodic ramsey theory,ergodic ramsey theory
ergodic theory,mathematical physics
ergodic theory,chaos theory
euclidean geometry,classical geometry
euclidean differential geometry,euclidean differential geometry
euler calculus,measure theory
euler calculus,geometry
euler calculus,topology
euler calculus,applied mathematics
euler calculus,integral geometry
euler calculus,computational mathematics
euler calculus,computational topology
euler calculus,abstract algebra
euler calculus,algebraic topology
euler calculus,computational geometry
experimental mathematics,experimental mathematics
exterior algebra,representation theory
exterior algebra,algebra
exterior algebra,group theory
exterior algebra,topology
exterior algebra,calculus
exterior algebra,differential geometry
exterior algebra,linear algebra
exterior algebra,multilinear algebra
exterior algebra,abstract algebra
exterior algebra,mathematical physics
exterior algebra,differential topology
exterior algebra,multivariable calculus
exterior calculus,geometry
exterior calculus,topology
exterior calculus,applied mathematics
exterior calculus,differential geometry
exterior calculus,calculus
exterior calculus,multilinear algebra
exterior calculus,theoretical physics
exterior calculus,mathematical physics
exterior calculus,differential topology
exterior calculus,multivariable calculus
extraordinary cohomology theory,homological algebra
extraordinary cohomology theory,topology
extraordinary cohomology theory,algebraic geometry
extraordinary cohomology theory,homology theory
extraordinary cohomology theory,algebraic topology
extremal combinatorics,discrete mathematics
extremal combinatorics,mathematical optimization
extremal combinatorics,computational mathematics
extremal combinatorics,numerical analysis
extremal combinatorics,combinatorics
extremal combinatorics,combinatorial optimization
extremal combinatorics,graph theory
extremal graph theory,combinatorics
extremal graph theory,discrete mathematics
extremal graph theory,graph theory
finite geometry,discrete mathematics
finite geometry,discrete geometry
finite model theory,mathematical logic
finite model theory,model theory
finsler geometry,differential geometry
finsler geometry,mathematical physics
first order arithmetic,arithmetic
first order arithmetic,mathematical logic
first order arithmetic,applied mathematics
fourier analysis,representation theory
fourier analysis,harmonic analysis
fractal geometry,geometry
fractal geometry,topology
fractal geometry,chaos theory
fractal geometry,applied mathematics
fractal geometry,analysis
fractal geometry,mathematical physics
fractal geometry,complex dynamics
fractional calculus,calculus
fractional calculus,integral calculus
fractional calculus,measure theory
fractional dynamics,measure theory
fractional dynamics,applied mathematics
fractional dynamics,calculus
fractional dynamics,fractional calculus
fractional dynamics,theoretical physics
fractional dynamics,mathematical physics
fractional dynamics,integral calculus
fredholm theory,functional analysis
fredholm theory,operator theory
fredholm theory,mathematical physics
functional analysis,functional analysis
functional calculus,functional analysis
functional calculus,mathematical physics
functional calculus,operator theory
fuzzy mathematics,mathematical logic
fuzzy measure theory,measure theory
fuzzy measure theory,probability theory
fuzzy measure theory,mathematical logic
fuzzy set theory,mathematical logic
fuzzy set theory,set theory
galois cohomology,discrete mathematics
galois cohomology,group theory
galois cohomology,homological algebra
galois cohomology,galois theory
galois cohomology,topology
galois cohomology,algebraic geometry
galois cohomology,abstract algebra
galois cohomology,ring theory
galois cohomology,homology theory
galois cohomology,class field theory
galois cohomology,category theory
galois cohomology,algebraic topology
galois cohomology,algebraic number theory
galois cohomology,number theory
galois theory,ring theory
galois theory,group theory
galois geometry,geometry
galois geometry,discrete mathematics
galois geometry,analytic geometry
galois geometry,discrete geometry
galois geometry,algebraic geometry
galois geometry,finite geometry
galois geometry,ring theory
galois geometry,abstract algebra
galois geometry,algebraic number theory
galois geometry,number theory
game theory,mathematical economics
game theory,applied mathematics
gauge theory,applied mathematics
gauge theory,theoretical physics
gauge theory,mathematical physics
general topology,geometry
general topology,topology
generalized trigonometry,elementary mathematics
generalized trigonometry,euclidean geometry
generalized trigonometry,trigonometry
geometric algebra,ring theory
geometric algebra,representation theory
geometric algebra,multilinear algebra
geometric analysis,functional analysis
geometric analysis,geometry
geometric analysis,calculus of variations
geometric analysis,applied mathematics
geometric analysis,mathematical optimization
geometric analysis,differential geometry
geometric analysis,differential calculus
geometric analysis,calculus
geometric analysis,theoretical physics
geometric analysis,mathematical physics
geometric calculus,representation theory
geometric calculus,geometric algebra
geometric calculus,applied mathematics
geometric calculus,calculus
geometric calculus,multilinear algebra
geometric calculus,ring theory
geometric combinatorics,geometry
geometric combinatorics,combinatorics
geometric combinatorics,discrete mathematics
geometric combinatorics,discrete geometry
geometric function theory,differential geometry
geometric function theory,complex analysis
geometric function theory,real analysis
geometric function theory,differential calculus
geometric invariant theory,representation theory
geometric invariant theory,group theory
geometric invariant theory,invariant theory
geometric invariant theory,differential geometry
geometric invariant theory,algebraic geometry
geometric invariant theory,linear algebra
geometric invariant theory,multilinear algebra
geometric invariant theory,scheme theory
geometric invariant theory,commutative algebra
geometric graph theory,geometry
geometric graph theory,discrete mathematics
geometric graph theory,combinatorics
geometric graph theory,graph theory
geometric group theory,metric geometry
geometric group theory,group theory
geometric measure theory,measure theory
geometric number theory,discrete mathematics
geometric number theory,geometry of numbers
geometric number theory,discrete geometry
geometric number theory,euclidean geometry
geometric number theory,number theory
geometric topology,topology
geometric topology,geometry
geometry,geometry
geometry of numbers,discrete mathematics
geometry of numbers,discrete geometry
geometry of numbers,euclidean geometry
geometry of numbers,number theory
global analysis,geometry
global analysis,topology
global analysis,differential geometry
global analysis,geometric topology
global analysis,analysis
global analysis,general topology
global analysis,mathematical physics
global analysis,differential topology
global arithmetic dynamics,global arithmetic dynamics
graph theory,combinatorics
graph theory,discrete mathematics
graph theory,applied mathematics
group-character theory,group-character theory
group representation theory,representation theory
group representation theory,group theory
group representation theory,abstract algebra
group representation theory,representation theory of groups
group representation theory,harmonic analysis
group theory,abstract algebra
gyrotrigonometry,non-euclidean geometry
gyrotrigonometry,hyperbolic geometry
gyrotrigonometry,classical geometry
gyrotrigonometry,euclidean geometry
gyrotrigonometry,abstract algebra
gyrotrigonometry,theoretical physics
gyrotrigonometry,conformal geometry
gyrotrigonometry,riemannian geometry
gyrotrigonometry,metric geometry
hard analysis,analysis
harmonic analysis,group theory
harmonic analysis,representation theory
higher arithmetic,discrete mathematics
higher arithmetic,number theory
higher category theory,category theory
higher-dimensional algebra,geometry
higher-dimensional algebra,topology
higher-dimensional algebra,mathematical logic
higher-dimensional algebra,abstract algebra
higher-dimensional algebra,higher category theory
higher-dimensional algebra,category theory
higher-dimensional algebra,categorical logic
higher-dimensional algebra,algebraic topology
hodge theory,sheaf theory
hodge theory,differential geometry
hodge theory,algebraic geometry
hodge theory,multivariable calculus
hodge theory,riemannian geometry
hodge theory,metric geometry
hodge theory,differential topology
hodge theory,algebraic topology
hodge-arakelov theory,hodge-arakelov theory
holomorphic functional calculus,functional analysis
holomorphic functional calculus,differential geometry
holomorphic functional calculus,differential calculus
holomorphic functional calculus,complex analysis
holomorphic functional calculus,functional calculus
holomorphic functional calculus,real analysis
holomorphic functional calculus,mathematical physics
holomorphic functional calculus,operator theory
homological algebra,topology
homological algebra,abstract algebra
homological algebra,category theory
homological algebra,algebraic topology
homology theory,topology
homology theory,homological algebra
homology theory,category theory
homology theory,algebraic topology
homotopy theory,algebraic topology
homotopy theory,topology
hyperbolic geometry,non-euclidean geometry
hyperbolic geometry,classical geometry
hyperbolic geometry,conformal geometry
hyperbolic geometry,riemannian geometry
hyperbolic geometry,metric geometry
hypercomplex analysis,arithmetic
hypercomplex analysis,analysis
hypercomplex analysis,abstract algebra
hyperfunction theory,hyperfunction theory
ideal theory,ring theory
ideal theory,commutative algebra
ideal theory,abstract algebra
idempotent analysis,ring theory
incidence geometry,geometry
incidence geometry,combinatorics
incidence geometry,discrete mathematics
inconsistent mathematics,mathematical logic
inconsistent mathematics,proof theory
infinitary combinatorics,combinatorics
infinitary combinatorics,discrete mathematics
infinitary combinatorics,mathematical logic
infinitary combinatorics,set theory
infinitesimal analysis,mathematical logic
infinitesimal analysis,model theory
infinitesimal calculus,calculus
information geometry,differential geometry
information geometry,statistical theory
information geometry,category theory
information geometry,mathematical physics
integral calculus,functional analysis
integral calculus,calculus
integral calculus,linear algebra
integral calculus,analysis
integral calculus,operator theory
integral geometry,measure theory
integral geometry,geometry
intersection theory,topology
intersection theory,algebraic geometry
intersection theory,linear algebra
intersection theory,euclidean geometry
intersection theory,algebraic topology
intersection theory,computational geometry
intuitionistic type theory,type theory
intuitionistic type theory,mathematical logic
intuitionistic type theory,applied mathematics
invariant theory,representation theory
invariant theory,group theory
invariant theory,differential geometry
invariant theory,algebraic geometry
invariant theory,linear algebra
invariant theory,multilinear algebra
invariant theory,commutative algebra
inventory theory,mathematical optimization
inversive geometry,geometry
inversive plane geometry,inversive plane geometry
inversive ring geometry,geometry
inversive ring geometry,classical geometry
inversive ring geometry,projective geometry
inversive ring geometry,algebraic geometry
inversive ring geometry,abstract algebra
inversive ring geometry,ring theory
itô calculus,measure theory
itô calculus,applied mathematics
itô calculus,calculus
itô calculus,stochastic calculus
itô calculus,mathematical finance
itô calculus,mathematical economics
itô calculus,integral calculus
iwasawa theory,ring theory
iwasawa theory,algebraic number theory
iwasawa theory,class field theory
iwasawa theory,number theory
iwasawa-tate theory,iwasawa-tate theory
job shop scheduling,combinatorial optimization
job shop scheduling,mathematical optimization
k-theory,topology
k-theory,homological algebra
k-theory,category theory
k-theory,algebraic topology
k-homology,homological algebra
k-homology,topology
k-homology,k-theory
k-homology,homology theory
k-homology,category theory
k-homology,algebraic topology
kähler geometry,functional analysis
kähler geometry,geometry
kähler geometry,topology
kähler geometry,differential geometry
kähler geometry,geometric topology
kähler geometry,algebraic geometry
kähler geometry,abstract algebra
kähler geometry,complex analysis
kähler geometry,mathematical physics
kähler geometry,riemannian geometry
kähler geometry,metric geometry
kähler geometry,differential topology
kähler geometry,symplectic geometry
kk-theory,kk-theory
klein geometry,geometry
klein geometry,group theory
klein geometry,applied mathematics
klein geometry,topology
klein geometry,differential geometry
klein geometry,geometric topology
klein geometry,abstract algebra
klein geometry,harmonic analysis
klein geometry,general topology
klein geometry,theoretical physics
klein geometry,mathematical physics
klein geometry,differential topology
knot theory,geometric topology
knot theory,topology
knot theory,algebraic topology
kummer theory,ring theory
kummer theory,discrete mathematics
kummer theory,algebraic number theory
kummer theory,number theory
l-theory,geometry
l-theory,discrete mathematics
l-theory,topology
l-theory,geometric topology
l-theory,abstract algebra
l-theory,surgery theory
l-theory,algebraic topology
l-theory,homotopy theory
l-theory,number theory
large deviations theory,measure theory
large deviations theory,probability theory
large deviations theory,statistical theory
large sample theory,statistics
large sample theory,approximation theory
large sample theory,statistical theory
lattice theory,order theory
lattice theory,abstract algebra
lie algebra theory,lie algebra theory
lie group theory,geometry
lie group theory,group theory
lie group theory,topology
lie group theory,applied mathematics
lie group theory,differential geometry
lie group theory,geometric topology
lie group theory,abstract algebra
lie group theory,harmonic analysis
lie group theory,general topology
lie group theory,theoretical physics
lie group theory,mathematical physics
lie group theory,differential topology
lie sphere geometry,geometry
lie sphere geometry,conformal geometry
lie sphere geometry,discrete mathematics
lie sphere geometry,incidence geometry
lie sphere geometry,applied mathematics
lie sphere geometry,differential geometry
lie sphere geometry,theoretical physics
lie sphere geometry,mathematical physics
lie sphere geometry,combinatorics
lie theory,group theory
lie theory,topology
lie theory,differential geometry
lie theory,differential calculus
lie theory,geometric topology
lie theory,calculus
lie theory,abstract algebra
lie theory,harmonic analysis
lie theory,mathematical physics
lie theory,differential topology
line geometry,geometry
line geometry,analytic geometry
line geometry,differential geometry
line geometry,algebraic geometry
line geometry,mathematical physics
linear algebra,algebra
linear functional analysis,linear functional analysis
linear programming,combinatorial optimization
linear programming,mathematical optimization
list of graphical methods,statistics
local algebra,topology
local algebra,algebraic geometry
local algebra,abstract algebra
local algebra,ring theory
local algebra,commutative algebra
local class field theory,ring theory
local class field theory,algebraic number theory
local class field theory,class field theory
local class field theory,number theory
low-dimensional topology,topology
low-dimensional topology,geometry
malliavin calculus,functional analysis
malliavin calculus,calculus of variations
malliavin calculus,applied mathematics
malliavin calculus,mathematical optimization
malliavin calculus,calculus
malliavin calculus,differential calculus
malliavin calculus,stochastic calculus
malliavin calculus,mathematical finance
malliavin calculus,mathematical economics
malliavin calculus,mathematical physics
malliavin calculus,theoretical physics
malliavin calculus,integral calculus
mathematical biology,applied mathematics
mathematical chemistry,applied mathematics
mathematical economics,applied mathematics
mathematical finance,mathematical economics
mathematical finance,applied mathematics
mathematical logic,mathematical logic
mathematical optimization,computational mathematics
mathematical optimization,analysis
mathematical optimization,numerical analysis
mathematical physics,applied mathematics
mathematical physics,theoretical physics
mathematical psychology,applied mathematics
mathematical sciences,applied mathematics
mathematical sociology,applied mathematics
mathematical statistics,applied mathematics
mathematical statistics,statistical theory
mathematical statistics,statistics
mathematical statistics,mathematical finance
mathematical statistics,mathematical economics
mathematical statistics,actuarial science
mathematical system theory,applied mathematics
mathematical system theory,complex analysis
mathematical system theory,theoretical physics
mathematical system theory,mathematical physics
mathematical system theory,complex dynamics
matrix algebra,algebra
matrix algebra,linear algebra
matrix algebra,abstract algebra
matrix algebra,ring theory
matrix algebra,matrix theory
matrix calculus,algebra
matrix calculus,calculus
matrix calculus,linear algebra
matrix calculus,matrix theory
matrix calculus,multivariable calculus
matrix theory,functional analysis
matrix theory,algebra
matrix theory,linear algebra
matrix theory,operator theory
matroid theory,discrete mathematics
matroid theory,mathematical optimization
matroid theory,discrete geometry
matroid theory,order theory
matroid theory,general topology
matroid theory,combinatorics
matroid theory,combinatorial optimization
measure theory,measure theory
metric geometry,functional analysis
metric geometry,geometry
metric geometry,topology
metric geometry,analysis
metric geometry,general topology
microlocal analysis,microlocal analysis
model theory,mathematical logic
model theory,proof theory
model theory,applied mathematics
modern algebra,algebra
modern algebra,abstract algebra
modern algebraic geometry,modern algebraic geometry
modern invariant theory,modern invariant theory
modular representation theory,representation theory
modular representation theory,algebra
modular representation theory,group theory
modular representation theory,module theory
modular representation theory,linear algebra
modular representation theory,abstract algebra
modular representation theory,ring theory
modular representation theory,representation theory of groups
modular representation theory,harmonic analysis
modular representation theory,algebraic number theory
modular representation theory,number theory
module theory,representation theory
module theory,algebra
module theory,group theory
module theory,linear algebra
module theory,abstract algebra
module theory,ring theory
molecular geometry,geometry
morse theory,functional analysis
morse theory,singularity theory
morse theory,calculus of variations
morse theory,topology
morse theory,calculus
morse theory,differential geometry
morse theory,algebraic geometry
morse theory,mathematical physics
morse theory,differential topology
morse theory,multivariable calculus
motivic cohomology,sheaf theory
motivic cohomology,homological algebra
motivic cohomology,topology
motivic cohomology,algebraic geometry
motivic cohomology,homology theory
motivic cohomology,category theory
motivic cohomology,algebraic topology
multilinear algebra,algebra
multilinear algebra,linear algebra
multiplicative number theory,complex analysis
multiplicative number theory,discrete mathematics
multiplicative number theory,analytic number theory
multiplicative number theory,number theory
multivariable calculus,calculus
multiple-scale analysis,functional analysis
multiple-scale analysis,perturbation theory
multiple-scale analysis,applied mathematics
multiple-scale analysis,analysis
multiple-scale analysis,theoretical physics
multiple-scale analysis,mathematical physics
multiple-scale analysis,numerical analysis
multiple-scale analysis,approximation theory
neutral geometry,geometry
neutral geometry,classical geometry
nevanlinna theory,riemannian geometry
nevanlinna theory,complex analysis
nevanlinna theory,conformal geometry
nielsen theory,geometry
nielsen theory,topology
nielsen theory,mathematical logic
nielsen theory,analysis
nielsen theory,computability theory
nielsen theory,mathematical physics
non-abelian class field theory,ring theory
non-abelian class field theory,algebraic number theory
non-abelian class field theory,class field theory
non-abelian class field theory,number theory
non-classical analysis,analysis
non-euclidean geometry,non-euclidean geometry
non-standard analysis,mathematical logic
non-standard analysis,ring theory
non-standard analysis,model theory
non-standard calculus,calculus
non-standard calculus,mathematical logic
non-standard calculus,model theory
nonarchimedean dynamics,nonarchimedean dynamics
noncommutative algebra,ring theory
noncommutative algebra,abstract algebra
noncommutative algebraic geometry,functional analysis
noncommutative algebraic geometry,geometry
noncommutative algebraic geometry,algebraic geometry
noncommutative algebraic geometry,noncommutative geometry
noncommutative algebraic geometry,abstract algebra
noncommutative geometry,functional analysis
noncommutative geometry,algebraic geometry
noncommutative harmonic analysis,geometry
noncommutative harmonic analysis,representation theory
noncommutative harmonic analysis,group theory
noncommutative harmonic analysis,homological algebra
noncommutative harmonic analysis,topology
noncommutative harmonic analysis,differential geometry
noncommutative harmonic analysis,geometric topology
noncommutative harmonic analysis,harmonic analysis
noncommutative harmonic analysis,general topology
noncommutative harmonic analysis,category theory
noncommutative harmonic analysis,differential topology
noncommutative harmonic analysis,algebraic topology
noncommutative topology,functional analysis
noncommutative topology,representation theory
noncommutative topology,topology
noncommutative topology,geometry
nonlinear analysis,functional analysis
nonlinear analysis,nonlinear functional analysis
nonlinear functional analysis,functional analysis
number theory,discrete mathematics
numerical analysis,mathematical logic
numerical analysis,computational mathematics
numerical analysis,applied mathematics
numerical linear algebra,algebra
numerical linear algebra,computational mathematics
numerical linear algebra,linear algebra
numerical linear algebra,numerical analysis
operad theory,algebra
operad theory,category theory
operad theory,abstract algebra
operation research,applied mathematics
operation research,mathematical optimization
operation research,decision analysis
operation research,statistics
operation research,analysis
operation research,mathematical economics
operation research,decision theory
operation research,numerical analysis
operator k-theory,operator k-theory
operator theory,functional analysis
operator theory,applied mathematics
operator theory,theoretical physics
operator theory,mathematical physics
optimal control theory,functional analysis
optimal control theory,applied mathematics
optimal control theory,calculus of variations
optimal control theory,mathematical optimization
optimal control theory,computational mathematics
optimal control theory,analysis
optimal control theory,numerical analysis
optimal control theory,mathematical physics
optimal maintenance,decision analysis
optimal maintenance,applied mathematics
optimal maintenance,decision theory
optimal maintenance,analysis
orbifold theory,orbifold theory
order theory,arithmetic
order theory,elementary arithmetic
ordered geometry,geometry
ordered geometry,arithmetic
ordered geometry,order theory
ordered geometry,elementary arithmetic
oscillation theory,differential calculus
oscillation theory,analysis
p-adic analysis,discrete mathematics
p-adic analysis,analysis
p-adic analysis,number theory
p-adic dynamics,p-adic dynamics
p-adic hodge theory,p-adic hodge theory
paraconsistent mathematics,mathematical logic
paraconsistent mathematics,proof theory
partition theory,combinatorics
partition theory,additive combinatorics
partition theory,discrete mathematics
partition theory,number theory
perturbation theory,theoretical physics
picard–vessiot theory,picard–vessiot theory
plane geometry,geometry
plane geometry,elementary mathematics
plane geometry,euclidean geometry
plane geometry,classical geometry
point-set topology,geometry
point-set topology,topology
point-set topology,general topology
pointless topology,geometry
pointless topology,topology
pointless topology,abstract algebra
pointless topology,general topology
pointless topology,category theory
poisson geometry,geometry
poisson geometry,applied mathematics
poisson geometry,topology
poisson geometry,differential geometry
poisson geometry,geometric topology
poisson geometry,algebraic geometry
poisson geometry,theoretical physics
poisson geometry,mathematical physics
poisson geometry,riemannian geometry
poisson geometry,metric geometry
poisson geometry,differential topology
poisson geometry,symplectic geometry
polyhedral combinatorics,discrete mathematics
polyhedral combinatorics,discrete geometry
polyhedral combinatorics,combinatorics
polyhedral combinatorics,convex geometry
possibility theory,measure theory
possibility theory,probability theory
possibility theory,mathematical logic
potential theory,complex analysis
potential theory,multivariable calculus
predicative mathematics,theory of computation
predicative mathematics,mathematical logic
predicative mathematics,applied mathematics
predicative mathematics,computability theory
probability theory,measure theory
probabilistic combinatorics,measure theory
probabilistic combinatorics,discrete mathematics
probabilistic combinatorics,proof theory
probabilistic combinatorics,mathematical logic
probabilistic combinatorics,combinatorics
probabilistic combinatorics,probability theory
probabilistic graph theory,combinatorics
probabilistic graph theory,discrete mathematics
probabilistic graph theory,applied mathematics
probabilistic graph theory,graph theory
probabilistic number theory,discrete mathematics
probabilistic number theory,number theory
projective geometry,classical geometry
projective differential geometry,geometry
projective differential geometry,applied mathematics
projective differential geometry,classical geometry
projective differential geometry,differential geometry
projective differential geometry,projective geometry
projective differential geometry,theoretical physics
projective differential geometry,mathematical physics
proof theory,mathematical logic
pseudo-riemannian geometry,pseudo-riemannian geometry
quantum calculus,differential calculus
quantum calculus,elementary arithmetic
quantum calculus,calculus
quantum calculus,theoretical physics
quantum geometry,applied mathematics
quantum geometry,theoretical physics
quantum geometry,mathematical physics
quaternionic analysis,representation theory
quaternionic analysis,analysis
quaternionic analysis,multilinear algebra
ramsey theory,combinatorics
ramsey theory,discrete mathematics
rational geometry,elementary mathematics
rational geometry,euclidean geometry
rational geometry,trigonometry
real algebra,real algebra
real algebraic geometry,algebraic geometry
real analysis,real analysis
real clifford algebra,real clifford algebra
real k-theory,real k-theory
recreational mathematics,recreational mathematics
recursion theory,theory of computation
recursion theory,mathematical logic
recursion theory,computability theory
representation theory,group theory
representation theory,abstract algebra
representation theory of groups,representation theory
representation theory of groups,group theory
representation theory of groups,harmonic analysis
representation theory of the galilean group,geometry
representation theory of the galilean group,differential geometry
representation theory of the galilean group,theoretical physics
representation theory of the galilean group,mathematical physics
representation theory of the lorentz group,representation theory of the lorentz group
representation theory of the poincaré group,representation theory of the poincaré group
representation theory of the symmetric group,additive combinatorics
representation theory of the symmetric group,representation theory
representation theory of the symmetric group,group theory
representation theory of the symmetric group,discrete mathematics
representation theory of the symmetric group,representation theory of groups
representation theory of the symmetric group,harmonic analysis
representation theory of the symmetric group,combinatorics
representation theory of the symmetric group,number theory
ribbon theory,geometry
ribbon theory,topology
ribbon theory,applied mathematics
ribbon theory,differential geometry
ribbon theory,theoretical physics
ribbon theory,mathematical physics
ricci calculus,geometry
ricci calculus,applied mathematics
ricci calculus,calculus
ricci calculus,differential geometry
ricci calculus,linear algebra
ricci calculus,multilinear algebra
ricci calculus,theoretical physics
ricci calculus,mathematical physics
ring theory,abstract algebra
riemannian geometry,metric geometry
riemannian geometry,differential geometry
riemannian geometry,mathematical physics
rough set theory,mathematical logic
rough set theory,applied mathematics
rough set theory,set theory
scheme theory,algebraic geometry
secondary calculus,homological algebra
secondary calculus,topology
secondary calculus,differential calculus
secondary calculus,calculus
secondary calculus,abstract algebra
secondary calculus,multivariable calculus
secondary calculus,category theory
secondary calculus,algebraic topology
semialgebraic geometry,semialgebraic geometry
set-theoretic topology,geometry
set-theoretic topology,topology
set-theoretic topology,set theory
set-theoretic topology,mathematical logic
set-theoretic topology,general topology
set theory,mathematical logic
sheaf theory,geometry
sheaf theory,topology
sheaf theory,homological algebra
sheaf theory,category theory
sheaf theory,algebraic topology
cite ref-16,cite ref-16
sheaf cohomology,geometry
sheaf cohomology,sheaf theory
sheaf cohomology,homological algebra
sheaf cohomology,topology
sheaf cohomology,algebraic geometry
sheaf cohomology,abstract algebra
sheaf cohomology,homology theory
sheaf cohomology,category theory
sheaf cohomology,algebraic topology
sieve theory,discrete mathematics
sieve theory,analytic number theory
sieve theory,complex analysis
sieve theory,combinatorics
sieve theory,number theory
single operator theory,single operator theory
singularity theory,topology
singularity theory,differential geometry
singularity theory,algebraic geometry
singularity theory,mathematical physics
singularity theory,differential topology
smooth infinitesimal analysis,mathematical logic
smooth infinitesimal analysis,model theory
solid geometry,euclidean geometry
solid geometry,classical geometry
spatial geometry,geometry
spatial geometry,analytic geometry
spatial geometry,classical geometry
spatial geometry,algebraic geometry
spatial geometry,euclidean geometry
spatial geometry,ring theory
spatial geometry,elementary mathematics
spatial geometry,algebraic number theory
spatial geometry,number theory
spectral geometry,spectral theory
spectral geometry,geometry
spectral geometry,functional analysis
spectral geometry,algebra
spectral geometry,applied mathematics
spectral geometry,differential geometry
spectral geometry,linear algebra
spectral geometry,theoretical physics
spectral geometry,mathematical physics
spectral geometry,riemannian geometry
spectral geometry,metric geometry
spectral geometry,operator theory
spectral graph theory,spectral theory
spectral graph theory,algebra
spectral graph theory,discrete mathematics
spectral graph theory,functional analysis
spectral graph theory,algebraic graph theory
spectral graph theory,linear algebra
spectral graph theory,mathematical physics
spectral graph theory,combinatorics
spectral graph theory,operator theory
spectral graph theory,graph theory
spectral theory,functional analysis
spectral theory,algebra
spectral theory,linear algebra
spectral theory,mathematical physics
spectral theory,operator theory
spectral theory of ordinary differential equations,spectral theory
spectral theory of ordinary differential equations,functional analysis
spectral theory of ordinary differential equations,algebra
spectral theory of ordinary differential equations,applied mathematics
spectral theory of ordinary differential equations,differential calculus
spectral theory of ordinary differential equations,linear algebra
spectral theory of ordinary differential equations,theoretical physics
spectral theory of ordinary differential equations,mathematical physics
spectral theory of ordinary differential equations,operator theory
spectrum continuation analysis,functional analysis
spectrum continuation analysis,representation theory
spectrum continuation analysis,applied mathematics
spectrum continuation analysis,calculus
spectrum continuation analysis,mathematical logic
spectrum continuation analysis,linear algebra
spectrum continuation analysis,fourier analysis
spectrum continuation analysis,harmonic analysis
spectrum continuation analysis,operator theory
spherical geometry,non-euclidean geometry
spherical geometry,classical geometry
spherical trigonometry,spherical geometry
spherical trigonometry,non-euclidean geometry
spherical trigonometry,classical geometry
spherical trigonometry,trigonometry
statistical mechanics,applied mathematics
statistical mechanics,theoretical physics
statistical mechanics,mathematical physics
statistical modelling,statistics
statistical modelling,statistical theory
statistical modelling,applied mathematics
statistical theory,statistics
statistics,statistics
steganography,cryptography
steganography,applied mathematics
stochastic calculus,calculus
stochastic calculus,integral calculus
stochastic calculus of variations,functional analysis
stochastic calculus of variations,calculus of variations
stochastic calculus of variations,applied mathematics
stochastic calculus of variations,mathematical optimization
stochastic calculus of variations,calculus
stochastic calculus of variations,differential calculus
stochastic calculus of variations,stochastic calculus
stochastic calculus of variations,mathematical finance
stochastic calculus of variations,mathematical economics
stochastic calculus of variations,mathematical physics
stochastic calculus of variations,theoretical physics
stochastic calculus of variations,integral calculus
stochastic geometry,measure theory
stochastic geometry,geometry
stochastic geometry,integral geometry
stochastic geometry,statistical theory
stochastic geometry,probability theory
stochastic process,statistics
stochastic process,probability theory
stochastic process,statistical theory
stratified morse theory,stratified morse theory
super linear algebra,linear algebra
super linear algebra,algebra
surgery theory,topology
surgery theory,geometric topology
surgery theory,algebraic topology
surgery theory,homotopy theory
survey sampling,survey methodology
survey methodology,survey methodology
symbolic computation,algebra
symbolic computation,applied mathematics
symbolic computation,mathematical logic
symbolic computation,computational mathematics
symbolic computation,computer algebra
symbolic dynamics,mathematical physics
symplectic geometry,topology
symplectic geometry,differential geometry
symplectic geometry,mathematical physics
symplectic geometry,differential topology
symplectic topology,topology
symplectic topology,differential geometry
symplectic topology,mathematical physics
symplectic topology,differential topology
symplectic topology,symplectic geometry
synthetic differential geometry,geometry
synthetic differential geometry,applied mathematics
synthetic differential geometry,differential geometry
synthetic differential geometry,theoretical physics
synthetic differential geometry,mathematical physics
synthetic geometry,geometry
systolic geometry,differential geometry
systolic geometry,mathematical physics
systolic geometry,differential geometry of surfaces
systolic hyperbolic geometry,systolic hyperbolic geometry
tensor,applied mathematics
tensor,differential geometry
tensor,linear algebra
tensor,multilinear algebra
tensor,theoretical physics
tensor,mathematical physics
tessellation,geometry
tessellation,discrete mathematics
tessellation,discrete geometry
tessellation,euclidean geometry
tessellation,mathematical physics
tessellation,linear programming
tessellation,convex geometry
theoretical physics,theoretical physics
theory of computation,applied mathematics
time-scale calculus,applied mathematics
time-scale calculus,calculus
time-scale calculus,mathematical logic
time-scale calculus,computability theory
time-scale calculus,recreational mathematics
time-scale calculus,theoretical physics
time-scale calculus,mathematical physics
time-scale calculus,combinatorics
time-scale calculus,number theory
topology,geometry
topological combinatorics,geometry
topological combinatorics,discrete mathematics
topological combinatorics,topology
topological combinatorics,abstract algebra
topological combinatorics,combinatorics
topological combinatorics,algebraic topology
topological degree theory,geometry
topological degree theory,topology
topological degree theory,applied mathematics
topological degree theory,abstract algebra
topological degree theory,theoretical physics
topological degree theory,mathematical physics
topological degree theory,differential topology
topological degree theory,algebraic topology
topological graph theory,geometry
topological graph theory,discrete mathematics
topological graph theory,topology
topological graph theory,combinatorics
topological graph theory,algebraic topology
topological graph theory,graph theory
topological k-theory,topological k-theory
topos theory,categorical logic
topos theory,mathematical logic
topos theory,category theory
toric geometry,geometry
toric geometry,algebraic geometry
toric geometry,abstract algebra
transcendental number theory,complex analysis
transcendental number theory,discrete mathematics
transcendental number theory,analytic number theory
transcendental number theory,number theory
transformation geometry,geometry
transformation geometry,applied mathematics
transformation geometry,theoretical physics
transformation geometry,mathematical physics
trigonometry,elementary mathematics
trigonometry,euclidean geometry
tropical analysis,ring theory
tropical analysis,idempotent analysis
tropical geometry,algebraic geometry
twisted k-theory,twisted k-theory
type theory,mathematical logic
umbral calculus,discrete mathematics
umbral calculus,algebra
umbral calculus,elementary arithmetic
umbral calculus,computational mathematics
umbral calculus,analysis
umbral calculus,analytic number theory
umbral calculus,abstract algebra
umbral calculus,numerical analysis
umbral calculus,combinatorics
uncertainty theory,measure theory
uncertainty theory,probability theory
uncertainty theory,mathematical logic
universal algebra,abstract algebra
universal hyperbolic trigonometry,universal hyperbolic trigonometry
valuation theory,ring theory
valuation theory,algebraic geometry
valuation theory,geometry
valuation theory,abstract algebra
variational analysis,functional analysis
variational analysis,calculus of variations
variational analysis,applied mathematics
variational analysis,mathematical optimization
variational analysis,mathematical physics
vector algebra,algebra
vector analysis,applied mathematics
vector analysis,vector calculus
vector analysis,calculus
vector analysis,linear algebra
vector analysis,abstract algebra
vector analysis,theoretical physics
vector analysis,mathematical physics
vector analysis,multivariable calculus
vector calculus,calculus
vector calculus,linear algebra
vector calculus,abstract algebra
vector calculus,multivariable calculus
wavelets,functional analysis
wavelets,chaos theory
wavelets,computational mathematics
wavelets,fourier analysis
wavelets,numerical analysis
